<?xml version='1.0' encoding='UTF-8'?>
<Tag plugin="workflow-support@2.18">
  <node class="org.jenkinsci.plugins.workflow.graph.FlowEndNode" plugin="workflow-api@2.26">
    <parentIds>
      <string>12</string>
    </parentIds>
    <id>13</id>
    <startId>2</startId>
    <result>
      <name>FAILURE</name>
      <ordinal>2</ordinal>
      <color>RED</color>
      <completeBuild>true</completeBuild>
    </result>
  </node>
  <actions>
    <wf.a.ErrorAction plugin="workflow-api@2.26">
      <error class="hudson.AbortException">
        <detailMessage>No tool named M3 found</detailMessage>
        <stackTrace>
          <trace>org.jenkinsci.plugins.workflow.steps.ToolStep$Execution.run(ToolStep.java:162)</trace>
          <trace>org.jenkinsci.plugins.workflow.steps.ToolStep$Execution.run(ToolStep.java:133)</trace>
          <trace>org.jenkinsci.plugins.workflow.steps.SynchronousNonBlockingStepExecution$1$1.call(SynchronousNonBlockingStepExecution.java:49)</trace>
          <trace>hudson.security.ACL.impersonate(ACL.java:260)</trace>
          <trace>org.jenkinsci.plugins.workflow.steps.SynchronousNonBlockingStepExecution$1.run(SynchronousNonBlockingStepExecution.java:46)</trace>
          <trace>java.util.concurrent.Executors$RunnableAdapter.call(Executors.java:511)</trace>
          <trace>java.util.concurrent.FutureTask.run(FutureTask.java:266)</trace>
          <trace>java.util.concurrent.ThreadPoolExecutor.runWorker(ThreadPoolExecutor.java:1149)</trace>
          <trace>java.util.concurrent.ThreadPoolExecutor$Worker.run(ThreadPoolExecutor.java:624)</trace>
          <trace>java.lang.Thread.run(Thread.java:748)</trace>
        </stackTrace>
        <suppressedExceptions class="java.util.Collections$UnmodifiableRandomAccessList" resolves-to="java.util.Collections$UnmodifiableList">
          <c class="list"/>
          <list reference="../c"/>
        </suppressedExceptions>
      </error>
    </wf.a.ErrorAction>
    <wf.a.TimingAction plugin="workflow-api@2.26">
      <startTime>1521450315728</startTime>
    </wf.a.TimingAction>
  </actions>
</Tag>