<?xml version='1.0' encoding='UTF-8'?>
<Tag plugin="workflow-support@2.18">
  <node class="cps.n.StepEndNode" plugin="workflow-cps@2.45">
    <parentIds>
      <string>9</string>
    </parentIds>
    <id>10</id>
    <startId>5</startId>
  </node>
  <actions>
    <wf.a.TimingAction plugin="workflow-api@2.26">
      <startTime>1521450484457</startTime>
    </wf.a.TimingAction>
    <wf.a.TimingAction plugin="workflow-api@2.26">
      <startTime>1521450484462</startTime>
    </wf.a.TimingAction>
  </actions>
</Tag>