<?xml version='1.0' encoding='UTF-8'?>
<Tag plugin="workflow-support@2.18">
  <node class="cps.n.StepAtomNode" plugin="workflow-cps@2.45">
    <parentIds>
      <string>13</string>
    </parentIds>
    <id>14</id>
    <descriptorId>org.jenkinsci.plugins.workflow.steps.durable_task.ShellStep</descriptorId>
  </node>
  <actions>
    <wf.a.TimingAction plugin="workflow-api@2.26">
      <startTime>1521450484680</startTime>
    </wf.a.TimingAction>
    <s.a.LogActionImpl>
      <charset>UTF-8</charset>
    </s.a.LogActionImpl>
    <cps.a.ArgumentsActionImpl plugin="workflow-cps@2.45">
      <arguments class="linked-hash-map">
        <entry>
          <string>script</string>
          <string>&apos;/var/jenkins_home/tools/hudson.tasks.Maven_MavenInstallation/M3/bin/mvn&apos; -Dmaven.test.failure.ignore clean package</string>
        </entry>
      </arguments>
      <isUnmodifiedBySanitization>true</isUnmodifiedBySanitization>
    </cps.a.ArgumentsActionImpl>
    <wf.a.TimingAction plugin="workflow-api@2.26">
      <startTime>1521450484778</startTime>
    </wf.a.TimingAction>
  </actions>
</Tag>