<?xml version='1.0' encoding='UTF-8'?>
<Tag plugin="workflow-support@2.18">
  <node class="cps.n.StepEndNode" plugin="workflow-cps@2.45">
    <parentIds>
      <string>15</string>
    </parentIds>
    <id>16</id>
    <startId>11</startId>
  </node>
  <actions>
    <wf.a.TimingAction plugin="workflow-api@2.26">
      <startTime>1521450504583</startTime>
    </wf.a.TimingAction>
    <wf.a.TimingAction plugin="workflow-api@2.26">
      <startTime>1521450504585</startTime>
    </wf.a.TimingAction>
  </actions>
</Tag>