<?xml version='1.0' encoding='UTF-8'?>
<Tag plugin="workflow-support@2.18">
  <node class="cps.n.StepStartNode" plugin="workflow-cps@2.45">
    <parentIds>
      <string>16</string>
    </parentIds>
    <id>17</id>
    <descriptorId>org.jenkinsci.plugins.workflow.support.steps.StageStep</descriptorId>
  </node>
  <actions>
    <wf.a.TimingAction plugin="workflow-api@2.26">
      <startTime>1521450504601</startTime>
    </wf.a.TimingAction>
    <s.a.LogActionImpl>
      <charset>UTF-8</charset>
    </s.a.LogActionImpl>
    <cps.a.ArgumentsActionImpl plugin="workflow-cps@2.45">
      <arguments class="linked-hash-map">
        <entry>
          <string>name</string>
          <string>Results</string>
        </entry>
      </arguments>
      <isUnmodifiedBySanitization>true</isUnmodifiedBySanitization>
    </cps.a.ArgumentsActionImpl>
    <wf.a.TimingAction plugin="workflow-api@2.26">
      <startTime>1521450504624</startTime>
    </wf.a.TimingAction>
  </actions>
</Tag>