<?xml version='1.0' encoding='UTF-8'?>
<Tag plugin="workflow-support@2.18">
  <node class="cps.n.StepStartNode" plugin="workflow-cps@2.45">
    <parentIds>
      <string>17</string>
    </parentIds>
    <id>18</id>
    <descriptorId>org.jenkinsci.plugins.workflow.support.steps.StageStep</descriptorId>
  </node>
  <actions>
    <wf.a.BodyInvocationAction plugin="workflow-api@2.26"/>
    <wf.a.LabelAction plugin="workflow-api@2.26">
      <displayName>Results</displayName>
    </wf.a.LabelAction>
    <wf.a.TimingAction plugin="workflow-api@2.26">
      <startTime>1521450504616</startTime>
    </wf.a.TimingAction>
    <wf.a.TimingAction plugin="workflow-api@2.26">
      <startTime>1521450504626</startTime>
    </wf.a.TimingAction>
  </actions>
</Tag>