<?xml version='1.0' encoding='UTF-8'?>
<Tag plugin="workflow-support@2.18">
  <node class="cps.n.StepEndNode" plugin="workflow-cps@2.45">
    <parentIds>
      <string>22</string>
    </parentIds>
    <id>23</id>
    <startId>4</startId>
  </node>
  <actions>
    <wf.a.BodyInvocationAction plugin="workflow-api@2.26"/>
    <wf.a.TimingAction plugin="workflow-api@2.26">
      <startTime>1521450504994</startTime>
    </wf.a.TimingAction>
    <wf.a.TimingAction plugin="workflow-api@2.26">
      <startTime>1521450505005</startTime>
    </wf.a.TimingAction>
  </actions>
</Tag>