<?xml version='1.0' encoding='UTF-8'?>
<Tag plugin="workflow-support@2.18">
  <node class="cps.n.StepEndNode" plugin="workflow-cps@2.45">
    <parentIds>
      <string>23</string>
    </parentIds>
    <id>24</id>
    <startId>3</startId>
  </node>
  <actions>
    <wf.a.TimingAction plugin="workflow-api@2.26">
      <startTime>1521450505062</startTime>
    </wf.a.TimingAction>
    <wf.a.TimingAction plugin="workflow-api@2.26">
      <startTime>1521450505067</startTime>
    </wf.a.TimingAction>
  </actions>
</Tag>