<?xml version='1.0' encoding='UTF-8'?>
<Tag plugin="workflow-support@2.18">
  <node class="cps.n.StepStartNode" plugin="workflow-cps@2.45">
    <parentIds>
      <string>2</string>
    </parentIds>
    <id>3</id>
    <descriptorId>org.jenkinsci.plugins.workflow.support.steps.ExecutorStep</descriptorId>
  </node>
  <actions>
    <wf.a.TimingAction plugin="workflow-api@2.26">
      <startTime>1521450480964</startTime>
    </wf.a.TimingAction>
    <s.a.LogActionImpl>
      <charset>UTF-8</charset>
    </s.a.LogActionImpl>
    <org.jenkinsci.plugins.workflow.support.steps.ExecutorStepExecution_-QueueItemActionImpl plugin="workflow-durable-task-step@2.19">
      <id>7</id>
    </org.jenkinsci.plugins.workflow.support.steps.ExecutorStepExecution_-QueueItemActionImpl>
    <wf.a.TimingAction plugin="workflow-api@2.26">
      <startTime>1521450480990</startTime>
    </wf.a.TimingAction>
    <s.a.WorkspaceActionImpl>
      <node></node>
      <path>/var/jenkins_home/workspace/unir-t2</path>
      <labels class="sorted-set"/>
    </s.a.WorkspaceActionImpl>
  </actions>
</Tag>