<?xml version='1.0' encoding='UTF-8'?>
<Tag plugin="workflow-support@2.18">
  <node class="cps.n.StepAtomNode" plugin="workflow-cps@2.45">
    <parentIds>
      <string>18</string>
    </parentIds>
    <id>19</id>
    <descriptorId>hudson.tasks.junit.pipeline.JUnitResultsStep</descriptorId>
  </node>
  <actions>
    <wf.a.TimingAction plugin="workflow-api@2.26">
      <startTime>1521451101914</startTime>
    </wf.a.TimingAction>
    <s.a.LogActionImpl>
      <charset>UTF-8</charset>
    </s.a.LogActionImpl>
    <cps.a.ArgumentsActionImpl plugin="workflow-cps@2.45">
      <arguments class="linked-hash-map">
        <entry>
          <string>testResults</string>
          <string>**/target/surefire-reports/TEST-*.xml</string>
        </entry>
      </arguments>
      <isUnmodifiedBySanitization>true</isUnmodifiedBySanitization>
    </cps.a.ArgumentsActionImpl>
    <wf.a.TimingAction plugin="workflow-api@2.26">
      <startTime>1521451101936</startTime>
    </wf.a.TimingAction>
  </actions>
</Tag>